{
	"partitions" : [
		{
			"name" : "Top",
			"pins" : [
				{
					"name" : "out[0]",
					"strict" : false
				},
				{
					"name" : "out[1]",
					"strict" : false
				},
				{
					"name" : "out[2]",
					"strict" : false
				},
				{
					"name" : "out[3]",
					"strict" : false
				},
				{
					"name" : "out[4]",
					"strict" : false
				},
				{
					"name" : "out[5]",
					"strict" : false
				},
				{
					"name" : "out[6]",
					"strict" : false
				},
				{
					"name" : "c",
					"strict" : false
				},
				{
					"name" : "b",
					"strict" : false
				},
				{
					"name" : "a",
					"strict" : false
				}
			]
		}
	]
}