{
	"partitions" : [
		{
			"name" : "Top",
			"pins" : [
				{
					"name" : "TC",
					"strict" : false
				},
				{
					"name" : "Q[0]",
					"strict" : false
				},
				{
					"name" : "Q[1]",
					"strict" : false
				},
				{
					"name" : "Q[2]",
					"strict" : false
				},
				{
					"name" : "Q[3]",
					"strict" : false
				},
				{
					"name" : "CET",
					"strict" : false
				},
				{
					"name" : "CEP",
					"strict" : false
				},
				{
					"name" : "PE",
					"strict" : false
				},
				{
					"name" : "MR",
					"strict" : false
				},
				{
					"name" : "CP",
					"strict" : false
				},
				{
					"name" : "P[0]",
					"strict" : false
				},
				{
					"name" : "P[1]",
					"strict" : false
				},
				{
					"name" : "P[2]",
					"strict" : false
				},
				{
					"name" : "P[3]",
					"strict" : false
				}
			]
		}
	]
}