{
	"partitions" : [
		{
			"name" : "Top",
			"pins" : [
				{
					"name" : "cout[0]",
					"strict" : false
				},
				{
					"name" : "cout[1]",
					"strict" : false
				},
				{
					"name" : "cout[2]",
					"strict" : false
				},
				{
					"name" : "cout[3]",
					"strict" : false
				},
				{
					"name" : "cout[4]",
					"strict" : false
				},
				{
					"name" : "cout[5]",
					"strict" : false
				},
				{
					"name" : "cout[6]",
					"strict" : false
				},
				{
					"name" : "cout[7]",
					"strict" : false
				},
				{
					"name" : "cout[8]",
					"strict" : false
				},
				{
					"name" : "cout[9]",
					"strict" : false
				},
				{
					"name" : "cout[10]",
					"strict" : false
				},
				{
					"name" : "cout[11]",
					"strict" : false
				},
				{
					"name" : "cout[12]",
					"strict" : false
				},
				{
					"name" : "cout[13]",
					"strict" : false
				},
				{
					"name" : "cout[14]",
					"strict" : false
				},
				{
					"name" : "cout[15]",
					"strict" : false
				},
				{
					"name" : "c",
					"strict" : false
				},
				{
					"name" : "clk",
					"strict" : false
				},
				{
					"name" : "cin[0]",
					"strict" : false
				},
				{
					"name" : "rst",
					"strict" : false
				},
				{
					"name" : "load",
					"strict" : false
				},
				{
					"name" : "en",
					"strict" : false
				},
				{
					"name" : "trans",
					"strict" : false
				},
				{
					"name" : "cin[1]",
					"strict" : false
				},
				{
					"name" : "cin[2]",
					"strict" : false
				},
				{
					"name" : "cin[3]",
					"strict" : false
				},
				{
					"name" : "cin[4]",
					"strict" : false
				},
				{
					"name" : "cin[5]",
					"strict" : false
				},
				{
					"name" : "cin[6]",
					"strict" : false
				},
				{
					"name" : "cin[7]",
					"strict" : false
				},
				{
					"name" : "cin[8]",
					"strict" : false
				},
				{
					"name" : "cin[9]",
					"strict" : false
				},
				{
					"name" : "cin[10]",
					"strict" : false
				},
				{
					"name" : "cin[11]",
					"strict" : false
				},
				{
					"name" : "cin[12]",
					"strict" : false
				},
				{
					"name" : "cin[13]",
					"strict" : false
				},
				{
					"name" : "cin[14]",
					"strict" : false
				},
				{
					"name" : "cin[15]",
					"strict" : false
				}
			]
		}
	]
}